capture,method,template_quality,inliers,accepted
2026-09-23_08-00-00,template,0.9023,0,1
2026-09-23_08-15-00,template,0.9044,0,1
2026-09-23_08-30-00,template,0.9103,0,1
2026-09-23_08-45-00,template,0.9045,0,1
2026-09-23_09-00-00,template,0.9053,0,1
2026-09-23_09-15-00,template,0.8998,0,1
2026-09-23_09-30-00,template,0.906,0,1
2026-09-23_09-45-00,template,0.8971,0,1
2026-09-23_10-00-00,template,0.9097,0,1
2026-09-23_10-15-00,template,0.8971,0,1
2026-09-23_10-30-00,template,0.903,0,1
2026-09-23_10-45-00,template,0.9017,0,1
2026-09-23_11-00-00,template,0.9032,0,1
2026-09-23_11-15-00,template,0.9099,0,1
2026-09-23_11-30-00,template,0.8981,0,1
2026-09-23_11-45-00,template,0.9046,0,1
2026-09-23_12-00-00,template,0.8987,0,1
2026-09-23_12-15-00,template,0.8783,0,1
2026-09-23_12-45-00,template,0.8286,0,1
2026-09-23_13-00-00,template,0.8554,0,1
2026-09-23_13-15-00,template,0.8304,0,1
2026-09-23_13-30-00,template,0.8229,0,1
2026-09-23_13-45-00,template,0.7637,0,1
2026-09-23_14-00-00,features,0.7496,66,1
2026-09-23_14-15-00,template,0.7588,0,1
2026-09-23_14-30-00,template,0.7925,0,1
2026-09-23_14-45-00,template,0.8593,0,1
2026-09-23_15-00-00,template,0.8629,0,1
2026-09-23_15-15-00,template,0.8913,0,1
2026-09-23_15-30-00,template,0.8512,0,1
2026-09-23_15-45-00,template,0.837,0,1
2026-09-23_16-15-00,template,0.9252,0,1
2026-09-23_16-30-00,template,0.8932,0,1
2026-09-23_16-45-00,template,0.8683,0,1
2026-09-23_17-00-00,template,0.8832,0,1
2026-09-23_17-15-00,template,0.8678,0,1
2026-09-23_17-30-00,template,0.9068,0,1
2026-09-23_17-45-00,template,0.8999,0,1
2026-09-23_18-00-00,template,0.9101,0,1
2026-09-23_18-15-00,template,0.9106,0,1
2026-09-23_18-30-00,template,0.8905,0,1
2026-09-23_18-45-00,template,0.87,0,1
2026-09-24_08-00-00,template,0.9395,0,1
2026-09-24_08-15-00,template,0.9723,0,1
2026-09-24_08-30-00,template,0.9714,0,1
2026-09-24_08-45-00,template,0.9735,0,1
2026-09-24_09-00-00,template,0.9722,0,1
2026-09-24_09-15-00,template,0.971,0,1
2026-09-24_09-30-00,template,0.9738,0,1
2026-09-24_09-45-00,template,0.9771,0,1
2026-09-24_10-00-00,template,0.9806,0,1
2026-09-24_10-15-00,template,0.9805,0,1
2026-09-24_10-30-00,template,1.0,0,1
2026-09-24_10-45-00,template,0.9794,0,1
2026-09-24_11-00-00,template,0.9822,0,1
2026-09-24_11-15-00,template,0.9707,0,1
2026-09-24_11-30-00,template,0.9787,0,1
2026-09-24_11-45-00,template,0.9772,0,1
2026-09-24_12-00-00,template,0.9712,0,1
2026-09-24_12-15-00,template,0.9597,0,1
2026-09-24_12-30-00,template,0.9731,0,1
2026-09-24_12-45-00,template,0.9651,0,1
2026-09-24_13-00-00,template,0.9529,0,1
2026-09-24_13-15-00,template,0.9384,0,1
2026-09-24_13-30-00,template,0.9016,0,1
2026-09-24_13-45-00,template,0.9079,0,1
2026-09-24_14-00-00,template,0.8967,0,1
2026-09-24_14-15-00,template,0.931,0,1
2026-09-24_14-30-00,template,0.9357,0,1
2026-09-24_14-45-00,template,0.9488,0,1
2026-09-24_15-00-00,template,0.9502,0,1
2026-09-24_15-15-00,template,0.9152,0,1
2026-09-24_15-30-00,template,0.8763,0,1
2026-09-24_15-45-00,template,0.8183,0,1
2026-09-24_16-00-00,template,0.8895,0,1
2026-09-24_16-15-00,template,0.8747,0,1
2026-09-24_16-30-00,template,0.8897,0,1
2026-09-24_16-45-00,template,0.8792,0,1
2026-09-24_17-00-00,template,0.9088,0,1
2026-09-24_17-15-00,template,0.8996,0,1
2026-09-24_17-30-00,template,0.904,0,1
2026-09-24_17-45-00,template,0.9227,0,1
2026-09-24_18-00-00,template,0.9367,0,1
2026-09-24_18-15-00,template,0.9446,0,1
2026-09-24_18-30-00,template,0.9482,0,1
2026-09-24_18-45-00,template,0.9408,0,1
2026-09-25_08-15-00,template,0.9449,0,1
2026-09-25_08-30-00,template,0.9469,0,1
2026-09-25_08-45-00,template,0.9478,0,1
2026-09-25_09-00-00,template,0.9485,0,1
2026-09-25_09-15-00,template,0.9449,0,1
2026-09-25_09-30-00,template,0.941,0,1
2026-09-25_09-45-00,template,0.8702,0,1
2026-09-25_10-00-00,template,0.9366,0,1
2026-09-25_10-15-00,template,0.9253,0,1
2026-09-25_10-30-00,template,0.9279,0,1
2026-09-25_10-45-00,template,0.9448,0,1
2026-09-25_11-00-00,template,0.9515,0,1
2026-09-25_11-15-00,template,0.9459,0,1
2026-09-25_11-30-00,template,0.9463,0,1
2026-09-25_11-45-00,template,0.928,0,1
2026-09-25_12-00-00,template,0.9168,0,1
2026-09-25_12-15-00,template,0.9175,0,1
2026-09-25_12-30-00,template,0.8659,0,1
2026-09-25_12-45-00,template,0.8594,0,1
2026-09-25_13-00-00,template,0.8329,0,1
2026-09-25_13-15-00,features,0.6969,37,1
2026-09-25_13-30-00,template,0.8383,0,1
2026-09-25_13-45-00,template,0.8414,0,1
2026-09-25_14-00-00,template,0.819,0,1
2026-09-25_14-15-00,features,0.7428,52,1
2026-09-25_14-30-00,template,0.7898,0,1
2026-09-25_14-45-00,template,0.8509,0,1
2026-09-25_15-00-00,template,0.8843,0,1
2026-09-25_15-15-00,template,0.9031,0,1
2026-09-25_15-30-00,template,0.8437,0,1
2026-09-25_15-45-00,template,0.8767,0,1
2026-09-25_16-00-00,template,0.8873,0,1
2026-09-25_16-15-00,features,0.4142,151,1
2026-09-25_16-30-00,features,0.4093,149,1
2026-09-25_16-45-00,features,0.4019,132,1
2026-09-25_17-00-00,features,0.3943,142,1
2026-09-25_17-15-00,features,0.3812,96,1
2026-09-25_17-30-00,features,0.3857,96,1
2026-09-25_17-45-00,features,0.3882,96,1
2026-09-25_18-00-00,features,0.3872,114,1
2026-09-25_18-15-00,features,0.3921,153,1
2026-09-25_18-30-00,features,0.3912,159,1
2026-09-25_18-45-00,features,0.3901,156,1
2026-09-26_08-00-00,features,0.4026,146,1
2026-09-26_08-15-00,features,0.4062,161,1
2026-09-26_08-45-00,features,0.4132,156,1
2026-09-26_09-00-00,features,0.4112,164,1
2026-09-26_09-15-00,features,0.4125,178,1
2026-09-26_09-30-00,features,0.4115,192,1
2026-09-26_09-45-00,features,0.4085,177,1
2026-09-26_10-00-00,features,0.4077,162,1
2026-09-26_10-15-00,features,0.4051,161,1
2026-09-26_10-30-00,features,0.4059,174,1
2026-09-26_10-45-00,features,0.3962,162,1
2026-09-26_11-00-00,features,0.4044,193,1
2026-09-26_11-15-00,features,0.4086,169,1
2026-09-26_11-30-00,features,0.4162,155,1
2026-09-26_11-45-00,features,0.4156,126,1
2026-09-26_12-00-00,features,0.418,101,1
2026-09-26_12-15-00,features,0.4145,92,1
2026-09-26_12-30-00,features,0.4154,77,1
2026-09-26_12-45-00,features,0.4061,68,1
2026-09-26_13-00-00,features,0.4089,72,1
2026-09-26_13-15-00,features,0.3913,56,1
2026-09-26_13-45-00,features,0.3707,48,1
2026-09-26_14-00-00,features,0.3669,53,1
2026-09-26_14-15-00,features,0.3583,60,1
2026-09-26_14-30-00,features,0.3936,58,1
2026-09-26_14-45-00,features,0.4009,68,1
2026-09-26_15-00-00,features,0.3986,68,1
2026-09-26_15-15-00,features,0.4075,77,1
2026-09-26_15-30-00,features,0.3829,84,1
2026-09-26_15-45-00,features,0.3688,96,1
2026-09-26_16-00-00,features,0.4076,104,1
2026-09-26_16-15-00,features,0.3975,120,1
2026-09-26_16-30-00,features,0.4048,113,1
2026-09-26_16-45-00,features,0.392,107,1
2026-09-26_17-15-00,features,0.3911,107,1
2026-09-26_17-30-00,features,0.3911,118,1
2026-09-26_17-45-00,features,0.3933,140,1
2026-09-26_18-00-00,features,0.3956,139,1
2026-09-26_18-15-00,features,0.3913,156,1
2026-09-26_18-30-00,features,0.3978,152,1
2026-09-26_18-45-00,features,0.3987,142,1
2026-09-27_08-00-00,features,0.4024,175,1
2026-09-27_08-15-00,features,0.4116,164,1
2026-09-27_08-30-00,features,0.4164,160,1
2026-09-27_08-45-00,features,0.4076,172,1
2026-09-27_09-00-00,features,0.4132,201,1
2026-09-27_09-15-00,features,0.4015,147,1
2026-09-27_09-30-00,features,0.4143,179,1
2026-09-27_09-45-00,features,0.4058,164,1
2026-09-27_10-00-00,features,0.4236,195,1
2026-09-27_10-15-00,features,0.4095,161,1
2026-09-27_10-45-00,features,0.4126,185,1
2026-09-27_11-00-00,features,0.4128,144,1
2026-09-27_11-15-00,features,0.4179,117,1
2026-09-27_11-30-00,features,0.4225,108,1
2026-09-27_11-45-00,features,0.4147,106,1
2026-09-27_12-00-00,features,0.4163,89,1
2026-09-27_12-15-00,features,0.4203,106,1
2026-09-27_12-30-00,features,0.417,117,1
2026-09-27_12-45-00,features,0.4191,138,1
2026-09-27_13-00-00,features,0.4205,137,1
2026-09-27_13-15-00,features,0.4071,133,1
2026-09-27_13-30-00,features,0.3988,141,1
2026-09-27_13-45-00,features,0.3975,104,1
2026-09-27_14-15-00,features,0.3843,128,1
2026-09-27_14-30-00,features,0.3911,86,1
2026-09-27_14-45-00,features,0.4084,103,1
2026-09-27_15-00-00,features,0.4026,108,1
2026-09-27_15-15-00,features,0.409,107,1
2026-09-27_15-30-00,features,0.4027,105,1
2026-09-27_15-45-00,features,0.3717,97,1
2026-09-27_16-00-00,features,0.4019,111,1
2026-09-27_16-15-00,features,0.3943,101,1
2026-09-27_16-30-00,features,0.4,131,1
2026-09-27_16-45-00,features,0.3875,116,1
2026-09-27_17-00-00,features,0.3862,142,1
2026-09-27_17-15-00,features,0.3953,125,1
2026-09-27_17-30-00,features,0.3894,114,1
2026-09-27_17-45-00,features,0.4034,141,1
2026-09-27_18-00-00,features,0.3959,135,1
2026-09-27_18-15-00,features,0.3994,156,1
2026-09-27_18-30-00,features,0.4002,162,1
2026-09-27_18-45-00,features,0.3925,121,1
2026-09-28_08-00-00,features,0.4095,152,1
2026-09-28_08-15-00,features,0.406,152,1
2026-09-28_08-30-00,features,0.4072,152,1
2026-09-28_08-45-00,features,0.4113,156,1
2026-09-28_09-15-00,features,0.414,179,1
2026-09-28_09-30-00,features,0.4096,158,1
2026-09-28_09-45-00,features,0.416,160,1
2026-09-28_10-00-00,features,0.4097,167,1
2026-09-28_10-15-00,features,0.416,162,1
2026-09-28_10-30-00,features,0.4061,181,1
2026-09-28_10-45-00,features,0.411,196,1
2026-09-28_11-00-00,features,0.4085,189,1
2026-09-28_11-15-00,features,0.4114,172,1
2026-09-28_11-30-00,features,0.419,178,1
2026-09-28_11-45-00,features,0.418,175,1
2026-09-28_12-00-00,features,0.4138,174,1
2026-09-28_12-15-00,features,0.4155,167,1
2026-09-28_12-30-00,features,0.4155,178,1
2026-09-28_12-45-00,features,0.4143,181,1
2026-09-28_13-00-00,features,0.4079,175,1
2026-09-28_13-15-00,features,0.4036,168,1
2026-09-28_13-30-00,features,0.4007,166,1
2026-09-28_13-45-00,features,0.4061,143,1
2026-09-28_14-00-00,features,0.402,161,1
2026-09-28_14-15-00,features,0.4089,164,1
2026-09-28_14-30-00,features,0.4081,167,1
2026-09-28_14-45-00,features,0.4076,173,1
2026-09-28_15-00-00,features,0.4116,164,1
2026-09-28_15-15-00,features,0.4089,163,1
2026-09-28_15-30-00,features,0.4052,172,1
2026-09-28_15-45-00,features,0.4021,152,1
2026-09-28_16-00-00,features,0.4105,163,1
2026-09-28_16-15-00,features,0.4108,165,1
2026-09-28_16-30-00,features,0.409,156,1
2026-09-28_16-45-00,features,0.4158,175,1
2026-09-28_17-00-00,features,0.4085,157,1
2026-09-28_17-15-00,features,0.4008,156,1
2026-09-28_17-30-00,features,0.4154,169,1
2026-09-28_17-45-00,features,0.4134,171,1
2026-09-28_18-00-00,features,0.4041,158,1
2026-09-28_18-15-00,features,0.4139,167,1
2026-09-28_18-30-00,features,0.4105,167,1
2026-09-28_18-45-00,features,0.4029,126,1
