model,resolution,images,days,mean_found,mean_correct,digit_accuracy,boards_passing,pass_rate,mean_elapsed_ms
n,640x480,255,6,32.984,30.31,0.757745,0,0,106.25
n,1332x990,255,6,33.286,30.784,0.769608,1,0.003922,102.67
n,2028x1520,255,6,33.435,31.027,0.775686,1,0.003922,103.3
n,4056x3040,255,6,33.325,31.024,0.775588,0,0,103.39
s,640x480,255,6,36.737,32.255,0.806373,28,0.109804,292.64
s,1332x990,255,6,37.173,33.8,0.845,155,0.607843,287.43
s,2028x1520,255,6,37.008,33.863,0.846569,172,0.67451,288.54
s,4056x3040,255,6,36.882,33.859,0.846471,172,0.67451,289.28
m,640x480,255,6,37.294,33.286,0.832157,104,0.407843,719.73
m,1332x990,255,6,37.529,33.925,0.848137,171,0.670588,715.0
m,2028x1520,255,6,37.361,33.937,0.848431,177,0.694118,711.44
m,4056x3040,255,6,37.176,33.863,0.846569,164,0.643137,716.13
