date,model,resolution,images,mean_found,mean_correct,digit_accuracy,boards_passing,pass_rate,mean_elapsed_ms
2026-09-23,m,1332x990,42,38.024,34.524,0.863095,33,0.785714,627.84
2026-09-23,m,2028x1520,42,37.619,34.333,0.858333,32,0.761905,639.27
2026-09-23,m,4056x3040,42,37.595,34.405,0.860119,33,0.785714,635.12
2026-09-23,m,640x480,42,37.69,33.976,0.849405,29,0.690476,641.42
2026-09-23,n,1332x990,42,34,31.167,0.779167,0,0,94.19
2026-09-23,n,2028x1520,42,34.071,31.476,0.786905,1,0.02381,92.83
2026-09-23,n,4056x3040,42,33.952,31.381,0.784524,0,0,93.58
2026-09-23,n,640x480,42,33.81,30.786,0.769643,0,0,94.04
2026-09-23,s,1332x990,42,37.214,33.095,0.827381,11,0.261905,255.43
2026-09-23,s,2028x1520,42,37.405,33.381,0.834524,16,0.380952,252.7
2026-09-23,s,4056x3040,42,36.69,33.19,0.829762,17,0.404762,257.1
2026-09-23,s,640x480,42,37.095,32.286,0.807143,1,0.02381,256.92
2026-09-24,m,1332x990,44,37.295,33.523,0.838068,22,0.5,670.91
2026-09-24,m,2028x1520,44,37.432,33.864,0.846591,32,0.727273,671.56
2026-09-24,m,4056x3040,44,37.364,33.386,0.834659,18,0.409091,676.27
2026-09-24,m,640x480,44,37.727,33.659,0.841477,25,0.568182,683.9
2026-09-24,n,1332x990,44,33.545,30.682,0.767045,0,0,97.88
2026-09-24,n,2028x1520,44,33.364,30.659,0.766477,0,0,98.77
2026-09-24,n,4056x3040,44,33.273,30.75,0.76875,0,0,100.56
2026-09-24,n,640x480,44,33.614,30.75,0.76875,0,0,97.15
2026-09-24,s,1332x990,44,38.045,33.75,0.84375,30,0.681818,276.82
2026-09-24,s,2028x1520,44,37.682,34.023,0.850568,33,0.75,280.53
2026-09-24,s,4056x3040,44,38.136,34.091,0.852273,34,0.772727,280.65
2026-09-24,s,640x480,44,37.341,32.932,0.823295,12,0.272727,283.1
2026-09-25,m,1332x990,43,37.163,33.721,0.843023,25,0.581395,712.23
2026-09-25,m,2028x1520,43,36.767,33.395,0.834884,25,0.581395,716.77
2026-09-25,m,4056x3040,43,37,33.628,0.840698,22,0.511628,710.75
2026-09-25,m,640x480,43,36.837,32.93,0.823256,11,0.255814,705.25
2026-09-25,n,1332x990,43,33.465,30.884,0.772093,0,0,104.05
2026-09-25,n,2028x1520,43,33.674,31.023,0.775581,0,0,104.81
2026-09-25,n,4056x3040,43,33.395,30.93,0.773256,0,0,103.3
2026-09-25,n,640x480,43,33.14,30.163,0.75407,0,0,104.84
2026-09-25,s,1332x990,43,37.326,33.395,0.834884,22,0.511628,294.21
2026-09-25,s,2028x1520,43,36.767,32.884,0.822093,20,0.465116,298.45
2026-09-25,s,4056x3040,43,37.023,33.442,0.836047,25,0.581395,293.13
2026-09-25,s,640x480,43,36.512,32.023,0.800581,5,0.116279,298.53
2026-09-26,m,1332x990,41,37.171,33.732,0.843293,28,0.682927,720.41
2026-09-26,m,2028x1520,41,37.024,33.78,0.844512,26,0.634146,717.24
2026-09-26,m,4056x3040,41,36.585,33.707,0.842683,26,0.634146,725.79
2026-09-26,m,640x480,41,36.439,32.756,0.818902,10,0.243902,717.43
2026-09-26,n,1332x990,41,32.683,30.512,0.762805,0,0,98.98
2026-09-26,n,2028x1520,41,32.854,30.902,0.772561,0,0,101.84
2026-09-26,n,4056x3040,41,32.927,30.854,0.771341,0,0,101.4
2026-09-26,n,640x480,41,32.341,30.098,0.752439,0,0,109.7
2026-09-26,s,1332x990,41,36.512,33.829,0.845732,24,0.585366,269.76
2026-09-26,s,2028x1520,41,36.439,34.049,0.85122,32,0.780488,277.3
2026-09-26,s,4056x3040,41,36.098,33.951,0.84878,29,0.707317,278.31
2026-09-26,s,640x480,41,36.488,31.854,0.796341,4,0.097561,273.2
2026-09-27,m,1332x990,42,37.452,34,0.85,31,0.738095,756.16
2026-09-27,m,2028x1520,42,37.667,33.952,0.84881,26,0.619048,749.08
2026-09-27,m,4056x3040,42,37.024,33.929,0.848214,31,0.738095,759.07
2026-09-27,m,640x480,42,37.286,33.286,0.832143,18,0.428571,753.26
2026-09-27,n,1332x990,42,32.714,30.571,0.764286,0,0,107.06
2026-09-27,n,2028x1520,42,33.048,30.881,0.772024,0,0,108.6
2026-09-27,n,4056x3040,42,32.905,30.857,0.771429,0,0,111.35
2026-09-27,n,640x480,42,32.357,30.048,0.75119,0,0,111.98
2026-09-27,s,1332x990,42,36.619,34.024,0.850595,29,0.690476,303.67
2026-09-27,s,2028x1520,42,36.381,34.071,0.851786,30,0.714286,305.66
2026-09-27,s,4056x3040,42,36.167,33.976,0.849405,28,0.666667,311.74
2026-09-27,s,640x480,42,36.262,31.833,0.795833,2,0.047619,306.79
2026-09-28,m,1332x990,43,38.07,34.07,0.851744,32,0.744186,802.62
2026-09-28,m,2028x1520,43,37.651,34.302,0.857558,36,0.837209,775.11
2026-09-28,m,4056x3040,43,37.465,34.14,0.853488,34,0.790698,790.29
2026-09-28,m,640x480,43,37.744,33.093,0.827326,11,0.255814,816.81
2026-09-28,n,1332x990,43,33.279,30.884,0.772093,1,0.023256,113.68
2026-09-28,n,2028x1520,43,33.581,31.233,0.780814,0,0,112.86
2026-09-28,n,4056x3040,43,33.488,31.372,0.784302,0,0,110.11
2026-09-28,n,640x480,43,32.605,30,0.75,0,0,119.98
2026-09-28,s,1332x990,43,37.256,34.698,0.867442,39,0.906977,323.74
2026-09-28,s,2028x1520,43,37.326,34.767,0.869186,41,0.953488,315.84
2026-09-28,s,4056x3040,43,37.093,34.488,0.862209,39,0.906977,314.23
2026-09-28,s,640x480,43,36.698,32.558,0.813953,4,0.093023,336.11
